{
  "test/unit/AllTests-dbg.js": 1576518890000,
  "controller/View1.controller.js": 1576518890000,
  "test/unit/controller/View1.controller.js": 1576518890000,
  "test/integration/pages/View1.js": 1576518890000,
  "test/integration/arrangements/Startup.js": 1576518890000,
  "test/unit/unitTests.qunit.js": 1576518890000,
  "test/unit/AllTests.js": 1576518890000,
  "test/integration/opaTests.qunit.js": 1576518890000,
  "test/integration/NavigationJourney.js": 1576518890000,
  "test/integration/AllJourneys.js": 1576518890000,
  "test/testsuite.qunit.js": 1576518890000,
  "model/models.js": 1576518890000,
  "manifest.json": 1576526181150,
  "Component.js": 1576518890000,
  "manifest-bundle.zip": 1576526180635,
  "Component-preload.js": 1576526180953,
  "test/integration/AllJourneys-dbg.js": 1576518890000,
  "test/integration/pages/View1-dbg.js": 1576518890000,
  "test/integration/arrangements/Startup-dbg.js": 1576518890000,
  "test/unit/unitTests.qunit-dbg.js": 1576518890000,
  "i18n/i18n.properties": 1576518890000,
  "test/integration/opaTests.qunit-dbg.js": 1576518890000,
  "test/integration/NavigationJourney-dbg.js": 1576518890000,
  "test/unit/controller/View1-dbg.controller.js": 1576518890000,
  "test/testsuite.qunit-dbg.js": 1576518890000,
  "model/models-dbg.js": 1576518890000,
  "controller/View1-dbg.controller.js": 1576518890000,
  "Component-dbg.js": 1576518890000,
  "neo-app.json": 1576526181126,
  "di.code-validation.core_issues.json": 1576526184122,
  "resources.json": 1576526184147,
  "test/unit/unitTests.qunit.html": 1576518890000,
  "test/integration/opaTests.qunit.html": 1576518890000,
  "view/View1.view.xml": 1576518890000,
  "test/testsuite.qunit.html": 1576518890000,
  "css/style.css": 1576518890000,
  "index.html": 1576518890000
}